	W	Reject null hypothesis
D_0__Bacteria;D_1__Bacteroidetes;D_2__Bacteroidia;D_3__Cytophagales;D_4__Amoebophilaceae	1	False
D_0__Bacteria;D_1__Proteobacteria;D_2__Gammaproteobacteria;D_3__Arenicellales;D_4__Arenicellaceae	1	False
D_0__Bacteria;D_1__Acidobacteria;D_2__Acidobacteriia;D_3__Solibacterales;D_4__Solibacteraceae (Subgroup 3)	0	False
D_0__Bacteria;D_1__Proteobacteria;D_2__Deltaproteobacteria;D_3__SAR324 clade(Marine group B);D_4__uncultured bacterium	0	False
D_0__Bacteria;D_1__Proteobacteria;D_2__Gammaproteobacteria;D_3__Alteromonadales;D_4__Alteromonadaceae	0	False
D_0__Bacteria;D_1__Proteobacteria;D_2__Deltaproteobacteria;__;__	0	False
D_0__Bacteria;D_1__Proteobacteria;D_2__Deltaproteobacteria;D_3__Syntrophobacterales;D_4__Syntrophobacteraceae	0	False
D_0__Bacteria;D_1__Proteobacteria;D_2__Deltaproteobacteria;D_3__Sva0485;__	0	False
D_0__Bacteria;D_1__Proteobacteria;D_2__Deltaproteobacteria;D_3__Sva0485;D_4__uncultured bacterium	0	False
D_0__Bacteria;D_1__Proteobacteria;D_2__Deltaproteobacteria;D_3__Sva0485;D_4__metagenome	0	False
D_0__Bacteria;D_1__Proteobacteria;D_2__Deltaproteobacteria;D_3__Sva0485;Ambiguous_taxa	0	False
D_0__Bacteria;D_1__Proteobacteria;D_2__Deltaproteobacteria;D_3__SAR324 clade(Marine group B);__	0	False
D_0__Bacteria;D_1__Proteobacteria;D_2__Deltaproteobacteria;D_3__SAR324 clade(Marine group B);D_4__Candidatus Nitrosoarchaeum limnia SFB1	0	False
D_0__Bacteria;D_1__Proteobacteria;D_2__Gammaproteobacteria;D_3__Alteromonadales;D_4__Marinobacteraceae	0	False
D_0__Bacteria;D_1__Proteobacteria;D_2__Deltaproteobacteria;D_3__PB19;__	0	False
D_0__Bacteria;D_1__Proteobacteria;D_2__Deltaproteobacteria;D_3__PB19;D_4__uncultured delta proteobacterium	0	False
D_0__Bacteria;D_1__Proteobacteria;D_2__Deltaproteobacteria;D_3__PB19;D_4__uncultured bacterium	0	False
D_0__Bacteria;D_1__Proteobacteria;D_2__Deltaproteobacteria;D_3__PB19;D_4__Deltaproteobacteria bacterium SMP-3	0	False
D_0__Bacteria;D_1__Proteobacteria;D_2__Deltaproteobacteria;D_3__Oligoflexales;D_4__Oligoflexaceae	0	False
D_0__Bacteria;D_1__Proteobacteria;D_2__Deltaproteobacteria;D_3__Oligoflexales;D_4__0319-6G20	0	False
D_0__Bacteria;D_1__Proteobacteria;D_2__Deltaproteobacteria;D_3__NB1-j;__	0	False
D_0__Bacteria;D_1__Proteobacteria;D_2__Deltaproteobacteria;D_3__NB1-j;D_4__uncultured prokaryote	0	False
D_0__Bacteria;D_1__Proteobacteria;D_2__Gammaproteobacteria;D_3__Alteromonadales;D_4__Colwelliaceae	0	False
D_0__Bacteria;D_1__Proteobacteria;D_2__Gammaproteobacteria;D_3__Alteromonadales;D_4__Moritellaceae	0	False
D_0__Bacteria;D_1__Proteobacteria;D_2__Gammaproteobacteria;D_3__Diplorickettsiales;D_4__Diplorickettsiaceae	0	False
D_0__Bacteria;D_1__Proteobacteria;D_2__Gammaproteobacteria;D_3__Betaproteobacteriales;D_4__Nitrosomonadaceae	0	False
D_0__Bacteria;D_1__Proteobacteria;D_2__Gammaproteobacteria;D_3__Chromatiales;D_4__Sedimenticolaceae	0	False
D_0__Bacteria;D_1__Proteobacteria;D_2__Gammaproteobacteria;D_3__Chromatiales;D_4__Chromatiaceae	0	False
D_0__Bacteria;D_1__Proteobacteria;D_2__Gammaproteobacteria;D_3__Cellvibrionales;D_4__Spongiibacteraceae	0	False
D_0__Bacteria;D_1__Proteobacteria;D_2__Gammaproteobacteria;D_3__Cellvibrionales;D_4__Porticoccaceae	0	False
D_0__Bacteria;D_1__Proteobacteria;D_2__Gammaproteobacteria;D_3__Cellvibrionales;D_4__Halieaceae	0	False
D_0__Bacteria;D_1__Proteobacteria;D_2__Gammaproteobacteria;D_3__Cellvibrionales;D_4__Cellvibrionaceae	0	False
D_0__Bacteria;D_1__Proteobacteria;D_2__Gammaproteobacteria;D_3__CHAB-XI-27;__	0	False
D_0__Bacteria;D_1__Proteobacteria;D_2__Gammaproteobacteria;D_3__Betaproteobacteriales;D_4__T34	0	False
D_0__Bacteria;D_1__Proteobacteria;D_2__Gammaproteobacteria;D_3__Betaproteobacteriales;D_4__Neisseriaceae	0	False
D_0__Bacteria;D_1__Proteobacteria;D_2__Gammaproteobacteria;D_3__Alteromonadales;D_4__Pseudoalteromonadaceae	0	False
D_0__Bacteria;D_1__Proteobacteria;D_2__Gammaproteobacteria;D_3__Betaproteobacteriales;D_4__Methylophilaceae	0	False
D_0__Bacteria;D_1__Proteobacteria;D_2__Gammaproteobacteria;D_3__Betaproteobacteriales;D_4__EC94	0	False
D_0__Bacteria;D_1__Proteobacteria;D_2__Gammaproteobacteria;D_3__Betaproteobacteriales;D_4__Burkholderiaceae	0	False
D_0__Bacteria;D_1__Proteobacteria;D_2__Gammaproteobacteria;D_3__Beggiatoales;D_4__Beggiatoaceae	0	False
D_0__Bacteria;D_1__Proteobacteria;D_2__Gammaproteobacteria;D_3__BD72BR169;D_4__uncultured bacterium	0	False
D_0__Bacteria;D_1__Proteobacteria;D_2__Gammaproteobacteria;D_3__B2M28;__	0	False
D_0__Bacteria;D_1__Proteobacteria;D_2__Gammaproteobacteria;D_3__B2M28;Ambiguous_taxa	0	False
D_0__Bacteria;D_1__Proteobacteria;D_2__Gammaproteobacteria;D_3__Alteromonadales;D_4__Shewanellaceae	0	False
D_0__Bacteria;D_1__Proteobacteria;D_2__Deltaproteobacteria;D_3__NB1-j;D_4__uncultured organism	0	False
D_0__Bacteria;D_1__Proteobacteria;D_2__Deltaproteobacteria;D_3__NB1-j;D_4__uncultured bacterium	0	False
D_0__Bacteria;D_1__Proteobacteria;D_2__Deltaproteobacteria;D_3__NB1-j;D_4__marine metagenome	0	False
D_0__Bacteria;D_1__Proteobacteria;D_2__Deltaproteobacteria;D_3__NB1-j;D_4__hydrothermal vent metagenome	0	False
D_0__Bacteria;D_1__Proteobacteria;D_2__Deltaproteobacteria;D_3__Bradymonadales;D_4__uncultured marine bacterium	0	False
D_0__Bacteria;D_1__Proteobacteria;D_2__Deltaproteobacteria;D_3__Bradymonadales;D_4__uncultured bacterium	0	False
D_0__Bacteria;D_1__Proteobacteria;D_2__Deltaproteobacteria;D_3__Bdellovibrionales;D_4__Bdellovibrionaceae	0	False
D_0__Bacteria;D_1__Proteobacteria;D_2__Deltaproteobacteria;D_3__Bdellovibrionales;D_4__Bacteriovoracaceae	0	False
D_0__Bacteria;D_1__Proteobacteria;D_2__Alphaproteobacteria;__;__	0	False
D_0__Bacteria;D_1__Proteobacteria;D_2__Alphaproteobacteria;D_3__uncultured;__	0	False
D_0__Bacteria;D_1__Proteobacteria;D_2__Alphaproteobacteria;D_3__uncultured;D_4__unidentified marine bacterioplankton	0	False
D_0__Bacteria;D_1__Proteobacteria;D_2__Alphaproteobacteria;D_3__uncultured;D_4__uncultured bacterium	0	False
D_0__Bacteria;D_1__Proteobacteria;D_2__Alphaproteobacteria;D_3__uncultured;D_4__uncultured alpha proteobacterium	0	False
D_0__Bacteria;D_1__Proteobacteria;D_2__Alphaproteobacteria;D_3__uncultured;D_4__uncultured Rhodobacteraceae bacterium	0	False
D_0__Bacteria;D_1__Proteobacteria;D_2__Alphaproteobacteria;D_3__Tistrellales;D_4__Geminicoccaceae	0	False
D_0__Bacteria;D_1__Proteobacteria;D_2__Alphaproteobacteria;D_3__Thalassobaculales;D_4__uncultured	0	False
D_0__Bacteria;D_1__Proteobacteria;D_2__Alphaproteobacteria;D_3__Sphingomonadales;D_4__Sphingomonadaceae	0	False
D_0__Bacteria;D_1__Proteobacteria;D_2__Alphaproteobacteria;D_3__Sneathiellales;D_4__Sneathiellaceae	0	False
D_0__Bacteria;D_1__Proteobacteria;D_2__Alphaproteobacteria;D_3__SAR11 clade;D_4__Clade I	0	False
D_0__Bacteria;D_1__Proteobacteria;D_2__Alphaproteobacteria;D_3__Rickettsiales;__	0	False
D_0__Bacteria;D_1__Proteobacteria;D_2__Alphaproteobacteria;D_3__Rickettsiales;D_4__uncultured	0	False
D_0__Bacteria;D_1__Proteobacteria;D_2__Alphaproteobacteria;D_3__Rickettsiales;D_4__SM2D12	0	False
D_0__Bacteria;D_1__Proteobacteria;D_2__Alphaproteobacteria;D_3__Rickettsiales;D_4__Rickettsiaceae	0	False
D_0__Bacteria;D_1__Proteobacteria;D_2__Deltaproteobacteria;D_3__Bradymonadales;__	0	False
D_0__Bacteria;D_1__Proteobacteria;D_2__Deltaproteobacteria;D_3__Deltaproteobacteria Incertae Sedis;D_4__Unknown Family	0	False
D_0__Bacteria;D_1__Proteobacteria;D_2__Deltaproteobacteria;D_3__Desulfarculales;D_4__Desulfarculaceae	0	False
D_0__Bacteria;D_1__Proteobacteria;D_2__Deltaproteobacteria;D_3__Myxococcales;D_4__Blfdi19	0	False
D_0__Bacteria;D_1__Proteobacteria;D_2__Deltaproteobacteria;D_3__Myxococcales;__	0	False
D_0__Bacteria;D_1__Proteobacteria;D_2__Deltaproteobacteria;D_3__Myxococcales;D_4__bacteriap25	0	False
D_0__Bacteria;D_1__Proteobacteria;D_2__Deltaproteobacteria;D_3__Myxococcales;D_4__Sandaracinaceae	0	False
D_0__Bacteria;D_1__Proteobacteria;D_2__Deltaproteobacteria;D_3__Myxococcales;D_4__PS-B29	0	False
D_0__Bacteria;D_1__Proteobacteria;D_2__Deltaproteobacteria;D_3__Myxococcales;D_4__P3OB-42	0	False
D_0__Bacteria;D_1__Proteobacteria;D_2__Deltaproteobacteria;D_3__Myxococcales;D_4__Nannocystaceae	0	False
D_0__Bacteria;D_1__Proteobacteria;D_2__Deltaproteobacteria;D_3__Myxococcales;D_4__MidBa8	0	False
D_0__Bacteria;D_1__Proteobacteria;D_2__Deltaproteobacteria;D_3__Myxococcales;D_4__Haliangiaceae	0	False
D_0__Bacteria;D_1__Proteobacteria;D_2__Deltaproteobacteria;D_3__Myxococcales;D_4__BIrii41	0	False
D_0__Bacteria;D_1__Proteobacteria;D_2__Deltaproteobacteria;D_3__Desulfobacterales;D_4__Desulfobacteraceae	0	False
D_0__Bacteria;D_1__Proteobacteria;D_2__Deltaproteobacteria;D_3__MBNT15;__	0	False
D_0__Bacteria;D_1__Proteobacteria;D_2__Deltaproteobacteria;D_3__Desulfuromonadales;__	0	False
D_0__Bacteria;D_1__Proteobacteria;D_2__Deltaproteobacteria;D_3__Desulfuromonadales;D_4__Sva1033	0	False
D_0__Bacteria;D_1__Proteobacteria;D_2__Deltaproteobacteria;D_3__Desulfuromonadales;D_4__Geobacteraceae	0	False
D_0__Bacteria;D_1__Proteobacteria;D_2__Deltaproteobacteria;D_3__Desulfuromonadales;D_4__Desulfuromonadaceae	0	False
D_0__Bacteria;D_1__Proteobacteria;D_2__Deltaproteobacteria;D_3__Desulfovibrionales;D_4__Desulfovibrionaceae	0	False
D_0__Bacteria;D_1__Proteobacteria;D_2__Deltaproteobacteria;D_3__Desulfovibrionales;D_4__Desulfomicrobiaceae	0	False
D_0__Bacteria;D_1__Proteobacteria;D_2__Deltaproteobacteria;D_3__Desulfobacterales;D_4__Desulfobulbaceae	0	False
D_0__Bacteria;D_1__Proteobacteria;D_2__Gammaproteobacteria;D_3__Coxiellales;D_4__Coxiellaceae	0	False
D_0__Bacteria;D_1__Proteobacteria;D_2__Gammaproteobacteria;D_3__EC3;D_4__uncultured bacterium	0	False
D_0__Bacteria;D_1__Proteobacteria;D_2__Alphaproteobacteria;D_3__Rickettsiales;D_4__Midichloriaceae	0	False
D_0__Bacteria;D_1__Proteobacteria;D_2__Gammaproteobacteria;D_3__Piscirickettsiales;D_4__Piscirickettsiaceae	0	False
D_0__Bacteria;D_1__Proteobacteria;D_2__Gammaproteobacteria;D_3__Xanthomonadales;__	0	False
D_0__Bacteria;D_1__Proteobacteria;D_2__Gammaproteobacteria;D_3__Xanthomonadales;D_4__Xanthomonadaceae	0	False
D_0__Bacteria;D_1__Proteobacteria;D_2__Gammaproteobacteria;D_3__Xanthomonadales;D_4__Rhodanobacteraceae	0	False
D_0__Bacteria;D_1__Proteobacteria;D_2__Gammaproteobacteria;D_3__Vibrionales;D_4__Vibrionaceae	0	False
D_0__Bacteria;D_1__Proteobacteria;D_2__Gammaproteobacteria;D_3__UBA4486;Ambiguous_taxa	0	False
D_0__Bacteria;D_1__Proteobacteria;D_2__Gammaproteobacteria;D_3__UBA10353 marine group;__	0	False
D_0__Bacteria;D_1__Proteobacteria;D_2__Gammaproteobacteria;D_3__UBA10353 marine group;D_4__uncultured bacterium	0	False
D_0__Bacteria;D_1__Proteobacteria;D_2__Gammaproteobacteria;D_3__Thiotrichales;D_4__Thiotrichaceae	0	False
D_0__Bacteria;D_1__Proteobacteria;D_2__Gammaproteobacteria;D_3__Thiomicrospirales;D_4__Thiomicrospiraceae	0	False
D_0__Bacteria;D_1__Proteobacteria;D_2__Gammaproteobacteria;D_3__Thiomicrospirales;D_4__Thioglobaceae	0	False
D_0__Bacteria;D_1__Proteobacteria;D_2__Gammaproteobacteria;D_3__Thiohalorhabdales;D_4__Thiohalorhabdaceae	0	False
D_0__Bacteria;D_1__Proteobacteria;D_2__Gammaproteobacteria;D_3__Tenderiales;D_4__Tenderiaceae	0	False
D_0__Bacteria;D_1__Proteobacteria;D_2__Gammaproteobacteria;D_3__Steroidobacterales;D_4__Woeseiaceae	0	False
D_0__Bacteria;D_1__Proteobacteria;D_2__Gammaproteobacteria;D_3__Salinisphaerales;D_4__Solimonadaceae	0	False
D_0__Bacteria;D_1__Proteobacteria;D_2__Gammaproteobacteria;D_3__Salinisphaerales;D_4__Salinisphaeraceae	0	False
D_0__Bacteria;D_1__Proteobacteria;D_2__Gammaproteobacteria;D_3__SAR86 clade;__	0	False
D_0__Bacteria;D_1__Proteobacteria;D_2__Gammaproteobacteria;D_3__SAR86 clade;D_4__uncultured gamma proteobacterium HF0070_25G02	0	False
D_0__Bacteria;D_1__Proteobacteria;D_2__Gammaproteobacteria;D_3__S1-3-65;D_4__endosymbiont of Vannella sp. A1	0	False
D_0__Bacteria;D_1__Proteobacteria;D_2__Gammaproteobacteria;D_3__Pseudomonadales;D_4__Pseudomonadaceae	0	False
D_0__Bacteria;D_1__Proteobacteria;D_2__Gammaproteobacteria;D_3__eub62A3;D_4__uncultured bacterium	0	False
D_0__Bacteria;D_1__Proteobacteria;D_2__Gammaproteobacteria;D_3__pItb-vmat-80;D_4__uncultured bacterium	0	False
D_0__Bacteria;D_1__Proteobacteria;D_2__Gammaproteobacteria;D_3__uncultured;Ambiguous_taxa	0	False
D_0__Bacteria;D_1__Tenericutes;D_2__Mollicutes;D_3__Entomoplasmatales;D_4__Entomoplasmatales Incertae Sedis	0	False
D_0__Bacteria;D_1__Zixibacteria;D_2__uncultured bacterium;D_3__uncultured bacterium;D_4__uncultured bacterium	0	False
D_0__Bacteria;D_1__Verrucomicrobia;D_2__Verrucomicrobiae;__;__	0	False
D_0__Bacteria;D_1__Verrucomicrobia;D_2__Verrucomicrobiae;D_3__Verrucomicrobiales;D_4__Rubritaleaceae	0	False
D_0__Bacteria;D_1__Verrucomicrobia;D_2__Verrucomicrobiae;D_3__Verrucomicrobiales;D_4__DEV007	0	False
D_0__Bacteria;D_1__Verrucomicrobia;D_2__Verrucomicrobiae;D_3__Pedosphaerales;D_4__Pedosphaeraceae	0	False
D_0__Bacteria;D_1__Tenericutes;D_2__Mollicutes;D_3__Mycoplasmatales;D_4__Mycoplasmataceae	0	False
D_0__Bacteria;D_1__Tenericutes;D_2__Mollicutes;D_3__Izimaplasmatales;D_4__uncultured bacterium	0	False
D_0__Bacteria;D_1__Tenericutes;D_2__Mollicutes;D_3__Izimaplasmatales;D_4__Izimaplasmataceae	0	False
D_0__Bacteria;D_1__Tenericutes;D_2__Mollicutes;D_3__Anaeroplasmatales;D_4__Anaeroplasmataceae	0	False
D_0__Bacteria;D_1__Proteobacteria;D_2__Gammaproteobacteria;D_3__uncultured;D_4__uncultured Thioalkalivibrio sp.	0	False
D_0__Bacteria;D_1__Spirochaetes;D_2__Spirochaetia;D_3__Spirochaetales;D_4__Spirochaetaceae	0	False
D_0__Bacteria;D_1__Spirochaetes;D_2__Leptospirae;D_3__Leptospirales;D_4__Leptospiraceae	0	False
D_0__Bacteria;D_1__Proteobacteria;__;__;__	0	False
D_0__Bacteria;D_1__Proteobacteria;D_2__Zetaproteobacteria;D_3__Mariprofundales;D_4__Mariprofundaceae	0	False
D_0__Bacteria;D_1__Proteobacteria;D_2__Magnetococcia;D_3__Magnetococcales;D_4__Magnetococcaceae	0	False
D_0__Bacteria;D_1__Proteobacteria;D_2__Gammaproteobacteria;__;__	0	False
D_0__Bacteria;D_1__Proteobacteria;D_2__Gammaproteobacteria;D_3__uncultured;__	0	False
D_0__Bacteria;D_1__Proteobacteria;D_2__Gammaproteobacteria;D_3__uncultured;D_4__uncultured bacterium	0	False
D_0__Bacteria;D_1__Proteobacteria;D_2__Gammaproteobacteria;D_3__Pseudomonadales;D_4__Moraxellaceae	0	False
D_0__Bacteria;D_1__Proteobacteria;D_2__Gammaproteobacteria;D_3__Oceanospirillales;__	0	False
D_0__Bacteria;D_1__Proteobacteria;D_2__Gammaproteobacteria;D_3__EC3;D_4__uncultured gamma proteobacterium	0	False
D_0__Bacteria;D_1__Proteobacteria;D_2__Gammaproteobacteria;D_3__Oceanospirillales;D_4__Saccharospirillaceae	0	False
D_0__Bacteria;D_1__Proteobacteria;D_2__Gammaproteobacteria;D_3__KI89A clade;D_4__uncultured deep-sea bacterium	0	False
D_0__Bacteria;D_1__Proteobacteria;D_2__Gammaproteobacteria;D_3__KI89A clade;D_4__uncultured bacterium	0	False
D_0__Bacteria;D_1__Proteobacteria;D_2__Gammaproteobacteria;D_3__KI89A clade;Ambiguous_taxa	0	False
D_0__Bacteria;D_1__Proteobacteria;D_2__Gammaproteobacteria;D_3__JTB23;__	0	False
D_0__Bacteria;D_1__Proteobacteria;D_2__Gammaproteobacteria;D_3__JTB23;D_4__uncultured gamma proteobacterium	0	False
D_0__Bacteria;D_1__Proteobacteria;D_2__Gammaproteobacteria;D_3__HOC36;__	0	False
D_0__Bacteria;D_1__Proteobacteria;D_2__Gammaproteobacteria;D_3__HOC36;D_4__uncultured sediment bacterium	0	False
D_0__Bacteria;D_1__Proteobacteria;D_2__Gammaproteobacteria;D_3__HOC36;D_4__uncultured bacterium	0	False
D_0__Bacteria;D_1__Proteobacteria;D_2__Gammaproteobacteria;D_3__HOC36;Ambiguous_taxa	0	False
D_0__Bacteria;D_1__Proteobacteria;D_2__Gammaproteobacteria;D_3__Gammaproteobacteria Incertae Sedis;D_4__Unknown Family	0	False
D_0__Bacteria;D_1__Proteobacteria;D_2__Gammaproteobacteria;D_3__Francisellales;D_4__Francisellaceae	0	False
D_0__Bacteria;D_1__Proteobacteria;D_2__Gammaproteobacteria;D_3__F9P41300-M23;D_4__uncultured bacterium	0	False
D_0__Bacteria;D_1__Proteobacteria;D_2__Gammaproteobacteria;D_3__Enterobacteriales;D_4__Enterobacteriaceae	0	False
D_0__Bacteria;D_1__Proteobacteria;D_2__Gammaproteobacteria;D_3__Ectothiorhodospirales;D_4__Ectothiorhodospiraceae	0	False
D_0__Bacteria;D_1__Proteobacteria;D_2__Gammaproteobacteria;D_3__EV818SWSAP88;__	0	False
D_0__Bacteria;D_1__Proteobacteria;D_2__Gammaproteobacteria;D_3__EPR3968-O8a-Bc78;__	0	False
D_0__Bacteria;D_1__Proteobacteria;D_2__Gammaproteobacteria;D_3__EPR3968-O8a-Bc78;D_4__uncultured bacterium	0	False
D_0__Bacteria;D_1__Proteobacteria;D_2__Gammaproteobacteria;D_3__EPR3968-O8a-Bc78;Ambiguous_taxa	0	False
D_0__Bacteria;D_1__Proteobacteria;D_2__Gammaproteobacteria;D_3__EC3;__	0	False
D_0__Bacteria;D_1__Proteobacteria;D_2__Gammaproteobacteria;D_3__KI89A clade;D_4__uncultured marine bacterium	0	False
D_0__Bacteria;D_1__Proteobacteria;D_2__Gammaproteobacteria;D_3__KI89A clade;__	0	False
D_0__Bacteria;D_1__Proteobacteria;D_2__Gammaproteobacteria;D_3__Legionellales;D_4__Legionellaceae	0	False
D_0__Bacteria;D_1__Proteobacteria;D_2__Gammaproteobacteria;D_3__Oceanospirillales;D_4__Hahellaceae	0	False
D_0__Bacteria;D_1__Proteobacteria;D_2__Gammaproteobacteria;D_3__Oceanospirillales;D_4__SS1-B-06-26	0	False
D_0__Bacteria;D_1__Proteobacteria;D_2__Gammaproteobacteria;D_3__Oceanospirillales;D_4__Pseudohongiellaceae	0	False
D_0__Bacteria;D_1__Proteobacteria;D_2__Gammaproteobacteria;D_3__Oceanospirillales;D_4__P13-46	0	False
D_0__Bacteria;D_1__Proteobacteria;D_2__Gammaproteobacteria;D_3__Oceanospirillales;D_4__Oleiphilaceae	0	False
D_0__Bacteria;D_1__Proteobacteria;D_2__Gammaproteobacteria;D_3__Oceanospirillales;D_4__Nitrincolaceae	0	False
D_0__Bacteria;D_1__Proteobacteria;D_2__Gammaproteobacteria;D_3__Oceanospirillales;D_4__Marinomonadaceae	0	False
D_0__Bacteria;D_1__Proteobacteria;D_2__Gammaproteobacteria;D_3__Oceanospirillales;D_4__Kangiellaceae	0	False
D_0__Bacteria;D_1__Proteobacteria;D_2__Gammaproteobacteria;D_3__Oceanospirillales;D_4__Halomonadaceae	0	False
D_0__Bacteria;D_1__Proteobacteria;D_2__Gammaproteobacteria;D_3__Oceanospirillales;D_4__Gven-F17	0	False
D_0__Bacteria;D_1__Proteobacteria;D_2__Gammaproteobacteria;D_3__MBAE14;D_4__uncultured bacterium	0	False
D_0__Bacteria;D_1__Proteobacteria;D_2__Gammaproteobacteria;D_3__Oceanospirillales;D_4__Endozoicomonadaceae	0	False
D_0__Bacteria;D_1__Proteobacteria;D_2__Gammaproteobacteria;D_3__Oceanospirillales;D_4__Alcanivoracaceae	0	False
D_0__Bacteria;D_1__Proteobacteria;D_2__Gammaproteobacteria;D_3__OM182 clade;__	0	False
D_0__Bacteria;D_1__Proteobacteria;D_2__Gammaproteobacteria;D_3__Nitrosococcales;D_4__Nitrosococcaceae	0	False
D_0__Bacteria;D_1__Proteobacteria;D_2__Gammaproteobacteria;D_3__NKB5;__	0	False
D_0__Bacteria;D_1__Proteobacteria;D_2__Gammaproteobacteria;D_3__NKB5;D_4__uncultured bacterium	0	False
D_0__Bacteria;D_1__Proteobacteria;D_2__Gammaproteobacteria;D_3__Milano-WF1B-44;__	0	False
D_0__Bacteria;D_1__Proteobacteria;D_2__Gammaproteobacteria;D_3__MD2904-B13;D_4__uncultured bacterium	0	False
D_0__Bacteria;D_1__Proteobacteria;D_2__Alphaproteobacteria;D_3__Rickettsiales;D_4__Mitochondria	0	False
D_0__Bacteria;D_1__Proteobacteria;D_2__Alphaproteobacteria;D_3__Rickettsiales;D_4__Anaplasmataceae	0	False
D_0__Bacteria;D_1__Acidobacteria;D_2__Holophagae;D_3__Acanthopleuribacterales;D_4__Acanthopleuribacteraceae	0	False
D_0__Bacteria;D_1__Bacteroidetes;D_2__Bacteroidia;D_3__Chitinophagales;D_4__uncultured	0	False
D_0__Bacteria;D_1__Bacteroidetes;D_2__Bacteroidia;D_3__Sphingobacteriales;D_4__env.OPS 17	0	False
D_0__Bacteria;D_1__Bacteroidetes;D_2__Bacteroidia;D_3__Sphingobacteriales;D_4__NS11-12 marine group	0	False
D_0__Bacteria;D_1__Bacteroidetes;D_2__Bacteroidia;D_3__Sphingobacteriales;D_4__Lentimicrobiaceae	0	False
D_0__Bacteria;D_1__Bacteroidetes;D_2__Bacteroidia;D_3__Sphingobacteriales;D_4__AKYH767	0	False
D_0__Bacteria;D_1__Bacteroidetes;D_2__Bacteroidia;D_3__Flavobacteriales;__	0	False
D_0__Bacteria;D_1__Bacteroidetes;D_2__Bacteroidia;D_3__Flavobacteriales;D_4__Weeksellaceae	0	False
D_0__Bacteria;D_1__Bacteroidetes;D_2__Bacteroidia;D_3__Flavobacteriales;D_4__Schleiferiaceae	0	False
D_0__Bacteria;D_1__Bacteroidetes;D_2__Bacteroidia;D_3__Flavobacteriales;D_4__NS9 marine group	0	False
D_0__Bacteria;D_1__Bacteroidetes;D_2__Bacteroidia;D_3__Flavobacteriales;D_4__NS7 marine group	0	False
D_0__Bacteria;D_1__Bacteroidetes;D_2__Bacteroidia;D_3__Flavobacteriales;D_4__Flavobacteriaceae	0	False
D_0__Bacteria;D_1__Bacteroidetes;D_2__Bacteroidia;D_3__Flavobacteriales;D_4__Cryomorphaceae	0	False
D_0__Bacteria;D_1__Bacteroidetes;D_2__Bacteroidia;D_3__Flavobacteriales;D_4__Crocinitomicaceae	0	False
D_0__Bacteria;D_1__Bacteroidetes;D_2__Bacteroidia;D_3__Cytophagales;__	0	False
D_0__Bacteria;D_1__Bacteroidetes;D_2__Bacteroidia;D_3__Cytophagales;D_4__Spirosomaceae	0	False
D_0__Bacteria;D_1__Bacteroidetes;D_2__Bacteroidia;D_3__Cytophagales;D_4__Microscillaceae	0	False
D_0__Bacteria;D_1__Bacteroidetes;D_2__Bacteroidia;D_3__Cytophagales;D_4__Hymenobacteraceae	0	False
D_0__Bacteria;D_1__Bacteroidetes;D_2__Bacteroidia;D_3__Cytophagales;D_4__Flammeovirgaceae	0	False
D_0__Bacteria;D_1__Bacteroidetes;D_2__Bacteroidia;D_3__Cytophagales;D_4__Cyclobacteriaceae	0	False
D_0__Bacteria;D_1__Bacteroidetes;D_2__Bacteroidia;D_3__Cytophagales;D_4__Bernardetiaceae	0	False
D_0__Bacteria;D_1__Bacteroidetes;D_2__Bacteroidia;__;__	0	False
D_0__Bacteria;D_1__Bacteroidetes;D_2__Ignavibacteria;D_3__Ignavibacteriales;D_4__Melioribacteraceae	0	False
D_0__Bacteria;D_1__Bacteroidetes;D_2__Ignavibacteria;D_3__Ignavibacteriales;D_4__PHOS-HE36	0	False
D_0__Bacteria;D_1__Chloroflexi;D_2__Anaerolineae;D_3__SBR1031;D_4__uncultured organism	0	False
D_0__Bacteria;D_1__Cyanobacteria;D_2__Oxyphotobacteria;D_3__Chloroplast;D_4__bacterium WHC4-2	0	False
D_0__Bacteria;D_1__Cyanobacteria;D_2__Oxyphotobacteria;D_3__Chloroplast;D_4__Ptilocladiopsis horrida	0	False
D_0__Bacteria;D_1__Cyanobacteria;D_2__Oxyphotobacteria;D_3__Chloroplast;D_4__Phalacroma mitra	0	False
D_0__Bacteria;D_1__Cyanobacteria;D_2__Oxyphotobacteria;D_3__Chloroplast;D_4__Ostreococcus tauri	0	False
D_0__Bacteria;D_1__Cyanobacteria;D_2__Oxyphotobacteria;D_3__Chloroplast;D_4__Cylindrotheca closterium	0	False
D_0__Bacteria;D_1__Chloroflexi;D_2__Dehalococcoidia;D_3__vadinBA26;D_4__uncultured bacterium	0	False
D_0__Bacteria;D_1__Chloroflexi;D_2__Dehalococcoidia;D_3__MSBL5;__	0	False
D_0__Bacteria;D_1__Chloroflexi;D_2__Dehalococcoidia;D_3__MSBL5;D_4__uncultured bacterium	0	False
D_0__Bacteria;D_1__Chloroflexi;D_2__Anaerolineae;D_3__Ardenticatenales;D_4__Ardenticatenaceae	0	False
D_0__Bacteria;D_1__Bacteroidetes;D_2__Ignavibacteria;D_3__Kryptoniales;D_4__MSB-3C8	0	False
D_0__Bacteria;D_1__Chlamydiae;D_2__Chlamydiae;D_3__Chlamydiales;__	0	False
D_0__Bacteria;D_1__Chlamydiae;D_2__Chlamydiae;D_3__Chlamydiales;D_4__Simkaniaceae	0	False
D_0__Bacteria;D_1__Chlamydiae;D_2__Chlamydiae;D_3__Chlamydiales;D_4__Parachlamydiaceae	0	False
D_0__Bacteria;D_1__Calditrichaeota;D_2__Calditrichia;D_3__Calditrichales;D_4__Calditrichaceae	0	False
D_0__Bacteria;D_1__Bacteroidetes;D_2__Rhodothermia;D_3__Rhodothermales;D_4__Rhodothermaceae	0	False
D_0__Bacteria;D_1__Bacteroidetes;D_2__Rhodothermia;D_3__Balneolales;D_4__Balneolaceae	0	False
D_0__Bacteria;D_1__Bacteroidetes;D_2__Ignavibacteria;D_3__OPB56;__	0	False
D_0__Bacteria;D_1__Bacteroidetes;D_2__Ignavibacteria;D_3__OPB56;D_4__uncultured bacterium	0	False
D_0__Bacteria;D_1__Bacteroidetes;D_2__Bacteroidia;D_3__Chitinophagales;__	0	False
D_0__Bacteria;D_1__Bacteroidetes;D_2__Bacteroidia;D_3__Chitinophagales;D_4__Saprospiraceae	0	False
D_0__Bacteria;D_1__Proteobacteria;D_2__Alphaproteobacteria;D_3__Rickettsiales;D_4__AB1	0	False
D_0__Bacteria;D_1__Bacteroidetes;D_2__Bacteroidia;D_3__Chitinophagales;D_4__Chitinophagaceae	0	False
D_0__Bacteria;D_1__Actinobacteria;D_2__Actinobacteria;D_3__Propionibacteriales;D_4__Propionibacteriaceae	0	False
D_0__Bacteria;D_1__Actinobacteria;D_2__Actinobacteria;D_3__Propionibacteriales;D_4__Nocardioidaceae	0	False
D_0__Bacteria;D_1__Actinobacteria;D_2__Actinobacteria;D_3__Micrococcales;D_4__Micrococcaceae	0	False
D_0__Bacteria;D_1__Actinobacteria;D_2__Actinobacteria;D_3__Micrococcales;D_4__Intrasporangiaceae	0	False
D_0__Bacteria;D_1__Actinobacteria;D_2__Actinobacteria;D_3__Micrococcales;D_4__Brevibacteriaceae	0	False
D_0__Bacteria;D_1__Actinobacteria;D_2__Actinobacteria;D_3__Corynebacteriales;D_4__Corynebacteriaceae	0	False
D_0__Bacteria;D_1__Actinobacteria;D_2__Acidimicrobiia;D_3__Microtrichales;D_4__Microtrichaceae	0	False
D_0__Bacteria;D_1__Actinobacteria;D_2__Acidimicrobiia;D_3__Microtrichales;D_4__Ilumatobacteraceae	0	False
D_0__Bacteria;D_1__Actinobacteria;D_2__Acidimicrobiia;D_3__Actinomarinales;D_4__uncultured	0	False
D_0__Bacteria;D_1__Actinobacteria;D_2__Acidimicrobiia;D_3__Actinomarinales;D_4__Actinomarinaceae	0	False
D_0__Bacteria;D_1__Acidobacteria;D_2__d142;D_3__uncultured bacterium;D_4__uncultured bacterium	0	False
D_0__Bacteria;D_1__Acidobacteria;D_2__d142;D_3__uncultured Acidobacteria bacterium;D_4__uncultured Acidobacteria bacterium	0	False
D_0__Bacteria;D_1__Acidobacteria;D_2__Thermoanaerobaculia;D_3__Thermoanaerobaculales;D_4__Thermoanaerobaculaceae	0	False
D_0__Bacteria;D_1__Acidobacteria;D_2__Subgroup 26;D_3__uncultured Acidobacterium sp.;D_4__uncultured Acidobacterium sp.	0	False
D_0__Bacteria;D_1__Acidobacteria;D_2__Subgroup 26;D_3__uncultured Acidobacteria bacterium;D_4__uncultured Acidobacteria bacterium	0	False
D_0__Bacteria;D_1__Acidobacteria;D_2__Subgroup 22;__;__	0	False
D_0__Bacteria;D_1__Acidobacteria;D_2__Subgroup 22;D_3__uncultured bacterium;D_4__uncultured bacterium	0	False
D_0__Bacteria;D_1__Acidobacteria;D_2__Subgroup 22;D_3__uncultured Acidobacteria bacterium;D_4__uncultured Acidobacteria bacterium	0	False
D_0__Bacteria;D_1__Acidobacteria;D_2__Subgroup 22;Ambiguous_taxa;Ambiguous_taxa	0	False
D_0__Bacteria;D_1__Actinobacteria;D_2__Coriobacteriia;D_3__OPB41;D_4__uncultured bacterium	0	False
D_0__Bacteria;D_1__Actinobacteria;D_2__Rubrobacteria;D_3__Rubrobacterales;D_4__Rubrobacteriaceae	0	False
D_0__Bacteria;D_1__Actinobacteria;D_2__Thermoleophilia;D_3__Solirubrobacterales;D_4__67-14	0	False
D_0__Bacteria;D_1__Bacteroidetes;D_2__Bacteroidia;D_3__Bacteroidales;D_4__Prolixibacteraceae	0	False
D_0__Bacteria;D_1__Bacteroidetes;D_2__Bacteroidia;D_3__Chitinophagales;D_4__37-13	0	False
D_0__Bacteria;D_1__Bacteroidetes;D_2__Bacteroidia;D_3__Bacteroidetes VC2.1 Bac22;__	0	False
D_0__Bacteria;D_1__Bacteroidetes;D_2__Bacteroidia;D_3__Bacteroidetes VC2.1 Bac22;D_4__uncultured organism	0	False
D_0__Bacteria;D_1__Bacteroidetes;D_2__Bacteroidia;D_3__Bacteroidetes VC2.1 Bac22;D_4__uncultured alpha proteobacterium	0	False
D_0__Bacteria;D_1__Bacteroidetes;D_2__Bacteroidia;D_3__Bacteroidetes VC2.1 Bac22;D_4__uncultured Bacteroidetes bacterium	0	False
D_0__Bacteria;D_1__Bacteroidetes;D_2__Bacteroidia;D_3__Bacteroidales;__	0	False
D_0__Bacteria;D_1__Bacteroidetes;D_2__Bacteroidia;D_3__Bacteroidales;D_4__Tannerellaceae	0	False
D_0__Bacteria;D_1__Bacteroidetes;D_2__Bacteroidia;D_3__Bacteroidales;D_4__Rikenellaceae	0	False
D_0__Bacteria;D_1__Bacteroidetes;D_2__Bacteroidia;D_3__Bacteroidales;D_4__Prevotellaceae	0	False
D_0__Bacteria;D_1__Actinobacteria;D_2__Thermoleophilia;D_3__Solirubrobacterales;D_4__Solirubrobacteraceae	0	False
D_0__Bacteria;D_1__Bacteroidetes;D_2__Bacteroidia;D_3__Bacteroidales;D_4__Porphyromonadaceae	0	False
D_0__Bacteria;D_1__Bacteroidetes;D_2__Bacteroidia;D_3__Bacteroidales;D_4__Marinilabiliaceae	0	False
D_0__Bacteria;D_1__Bacteroidetes;D_2__Bacteroidia;D_3__Bacteroidales;D_4__Marinifilaceae	0	False
D_0__Bacteria;D_1__Bacteroidetes;D_2__Bacteroidia;D_3__Bacteroidales;D_4__Bacteroidetes BD2-2	0	False
D_0__Bacteria;D_1__Bacteroidetes;D_2__Bacteroidia;D_3__Bacteroidales;D_4__Bacteroidaceae	0	False
D_0__Bacteria;D_1__Actinobacteria;__;__;__	0	False
D_0__Bacteria;D_1__Actinobacteria;D_2__WCHB1-81;D_3__uncultured actinobacterium;D_4__uncultured actinobacterium	0	False
D_0__Bacteria;D_1__Actinobacteria;D_2__Thermoleophilia;D_3__Solirubrobacterales;__	0	False
D_0__Bacteria;D_1__Cyanobacteria;D_2__Oxyphotobacteria;D_3__Chloroplast;__	0	False
D_0__Bacteria;D_1__Cyanobacteria;D_2__Sericytochromatia;__;__	0	False
D_0__Bacteria;D_1__Deinococcus-Thermus;D_2__Deinococci;D_3__Deinococcales;D_4__Trueperaceae	0	False
D_0__Bacteria;D_1__Dependentiae;D_2__Babeliae;D_3__Babeliales;D_4__Babeliaceae	0	False
D_0__Bacteria;D_1__Proteobacteria;D_2__Alphaproteobacteria;D_3__Kordiimonadales;__	0	False
D_0__Bacteria;D_1__Proteobacteria;D_2__Alphaproteobacteria;D_3__Kordiimonadales;D_4__uncultured	0	False
D_0__Bacteria;D_1__Proteobacteria;D_2__Alphaproteobacteria;D_3__Kordiimonadales;D_4__Kordiimonadaceae	0	False
D_0__Bacteria;D_1__Proteobacteria;D_2__Alphaproteobacteria;D_3__Holosporales;D_4__Holosporaceae	0	False
D_0__Bacteria;D_1__Proteobacteria;D_2__Alphaproteobacteria;D_3__Caulobacterales;D_4__Parvularculaceae	0	False
D_0__Bacteria;D_1__Proteobacteria;D_2__Alphaproteobacteria;D_3__Caulobacterales;D_4__Hyphomonadaceae	0	False
D_0__Bacteria;D_1__Planctomycetes;D_2__Pla3 lineage;D_3__unidentified marine bacterioplankton;D_4__unidentified marine bacterioplankton	0	False
D_0__Bacteria;D_1__Planctomycetes;D_2__Pla3 lineage;Ambiguous_taxa;Ambiguous_taxa	0	False
D_0__Bacteria;D_1__Planctomycetes;D_2__Phycisphaerae;D_3__Phycisphaerales;D_4__Phycisphaeraceae	0	False
D_0__Bacteria;D_1__Planctomycetes;D_2__OM190;D_3__uncultured marine bacterium;D_4__uncultured marine bacterium	0	False
D_0__Bacteria;D_1__Patescibacteria;D_2__Saccharimonadia;D_3__Saccharimonadales;__	0	False
D_0__Bacteria;D_1__Patescibacteria;D_2__Gracilibacteria;__;__	0	False
D_0__Bacteria;D_1__Patescibacteria;D_2__Gracilibacteria;D_3__uncultured bacterium;D_4__uncultured bacterium	0	False
D_0__Bacteria;D_1__Patescibacteria;D_2__Gracilibacteria;D_3__marine metagenome;D_4__marine metagenome	0	False
D_0__Bacteria;D_1__Patescibacteria;D_2__Gracilibacteria;D_3__JGI 0000069-P22;__	0	False
D_0__Bacteria;D_1__Patescibacteria;D_2__Gracilibacteria;D_3__JGI 0000069-P22;D_4__uncultured bacterium	0	False
D_0__Bacteria;D_1__Patescibacteria;D_2__Gracilibacteria;D_3__Absconditabacteriales (SR1);__	0	False
D_0__Bacteria;D_1__Nitrospirae;D_2__Thermodesulfovibrionia;D_3__uncultured;D_4__uncultured Nitrospiraceae bacterium	0	False
D_0__Bacteria;D_1__Nitrospirae;D_2__Nitrospira;D_3__Nitrospirales;D_4__Nitrospiraceae	0	False
D_0__Bacteria;D_1__Proteobacteria;D_2__Alphaproteobacteria;D_3__Micavibrionales;D_4__Micavibrionaceae	0	False
D_0__Bacteria;D_1__Proteobacteria;D_2__Alphaproteobacteria;D_3__Micavibrionales;D_4__uncultured	0	False
D_0__Bacteria;D_1__Proteobacteria;D_2__Alphaproteobacteria;D_3__Micavibrionales;__	0	False
D_0__Bacteria;D_1__Proteobacteria;D_2__Alphaproteobacteria;D_3__Rhodobacterales;D_4__Rhodobacteraceae	0	False
D_0__Bacteria;D_1__Proteobacteria;D_2__Alphaproteobacteria;D_3__Rhodovibrionales;D_4__Kiloniellaceae	0	False
D_0__Bacteria;D_1__Proteobacteria;D_2__Alphaproteobacteria;D_3__Rhodospirillales;__	0	False
D_0__Bacteria;D_1__Proteobacteria;D_2__Alphaproteobacteria;D_3__Rhodospirillales;D_4__uncultured	0	False
D_0__Bacteria;D_1__Proteobacteria;D_2__Alphaproteobacteria;D_3__Rhodospirillales;D_4__Thalassospiraceae	0	False
D_0__Bacteria;D_1__Proteobacteria;D_2__Alphaproteobacteria;D_3__Rhodospirillales;D_4__Terasakiellaceae	0	False
D_0__Bacteria;D_1__Proteobacteria;D_2__Alphaproteobacteria;D_3__Rhodospirillales;D_4__Rhodospirillaceae	0	False
D_0__Bacteria;D_1__Proteobacteria;D_2__Alphaproteobacteria;D_3__Rhodospirillales;D_4__Magnetospiraceae	0	False
D_0__Bacteria;D_1__Proteobacteria;D_2__Alphaproteobacteria;D_3__Rhodospirillales;D_4__AEGEAN-169 marine group	0	False
D_0__Bacteria;D_1__Proteobacteria;D_2__Alphaproteobacteria;D_3__Rhizobiales;D_4__Stappiaceae	0	False
D_0__Bacteria;D_1__Proteobacteria;D_2__Alphaproteobacteria;D_3__Paracaedibacterales;D_4__Paracaedibacteraceae	0	False
D_0__Bacteria;D_1__Proteobacteria;D_2__Alphaproteobacteria;D_3__Rhizobiales;D_4__Rhizobiales Incertae Sedis	0	False
D_0__Bacteria;D_1__Proteobacteria;D_2__Alphaproteobacteria;D_3__Rhizobiales;D_4__Rhizobiaceae	0	False
D_0__Bacteria;D_1__Proteobacteria;D_2__Alphaproteobacteria;D_3__Rhizobiales;D_4__KF-JG30-B3	0	False
D_0__Bacteria;D_1__Proteobacteria;D_2__Alphaproteobacteria;D_3__Rhizobiales;D_4__Hyphomicrobiaceae	0	False
D_0__Bacteria;D_1__Proteobacteria;D_2__Alphaproteobacteria;D_3__Puniceispirillales;D_4__uncultured	0	False
D_0__Bacteria;D_1__Proteobacteria;D_2__Alphaproteobacteria;D_3__Puniceispirillales;D_4__SAR116 clade	0	False
D_0__Bacteria;D_1__Proteobacteria;D_2__Alphaproteobacteria;D_3__Parvibaculales;D_4__Parvibaculaceae	0	False
D_0__Bacteria;D_1__Proteobacteria;D_2__Alphaproteobacteria;D_3__Parvibaculales;D_4__PS1 clade	0	False
D_0__Bacteria;D_1__Marinimicrobia (SAR406 clade);__;__;__	0	False
D_0__Bacteria;D_1__Marinimicrobia (SAR406 clade);D_2__uncultured bacterium;D_3__uncultured bacterium;D_4__uncultured bacterium	0	False
D_0__Bacteria;D_1__Margulisbacteria;D_2__uncultured bacterium;D_3__uncultured bacterium;D_4__uncultured bacterium	0	False
D_0__Bacteria;D_1__Epsilonbacteraeota;D_2__Campylobacteria;D_3__Campylobacterales;D_4__Helicobacteraceae	0	False
D_0__Bacteria;D_1__Firmicutes;D_2__Bacilli;D_3__Lactobacillales;D_4__Lactobacillaceae	0	False
D_0__Bacteria;D_1__Firmicutes;D_2__Bacilli;D_3__Bacillales;D_4__Staphylococcaceae	0	False
D_0__Bacteria;D_1__Firmicutes;D_2__Bacilli;D_3__Bacillales;D_4__Bacillaceae	0	False
D_0__Bacteria;D_1__Fibrobacteres;D_2__Fibrobacteria;D_3__Fibrobacterales;D_4__Fibrobacteraceae	0	False
D_0__Bacteria;D_1__Fibrobacteres;D_2__Chitinivibrionia;D_3__Chitinivibrionales;D_4__Chitinivibrionaceae	0	False
D_0__Bacteria;D_1__FCPU426;D_2__uncultured bacterium;D_3__uncultured bacterium;D_4__uncultured bacterium	0	False
D_0__Bacteria;D_1__Epsilonbacteraeota;D_2__Campylobacteria;D_3__Campylobacterales;D_4__Thiovulaceae	0	False
D_0__Bacteria;D_1__Epsilonbacteraeota;D_2__Campylobacteria;D_3__Campylobacterales;D_4__Sulfurovaceae	0	False
D_0__Bacteria;D_1__Epsilonbacteraeota;D_2__Campylobacteria;D_3__Campylobacterales;D_4__Arcobacteraceae	0	False
D_0__Bacteria;D_1__Firmicutes;D_2__Clostridia;D_3__Clostridiales;D_4__Christensenellaceae	0	False
D_0__Bacteria;D_1__Entotheonellaeota;D_2__Entotheonellia;D_3__Entotheonellales;D_4__Entotheonellaceae	0	False
D_0__Bacteria;D_1__Elusimicrobia;D_2__Elusimicrobia;D_3__MD2894-B20;D_4__uncultured bacterium	0	False
D_0__Bacteria;D_1__Elusimicrobia;D_2__Elusimicrobia;D_3__Lineage IV;D_4__Elusimicrobia bacterium GWA2_69_24	0	False
D_0__Bacteria;D_1__Dependentiae;D_2__Babeliae;D_3__Babeliales;__	0	False
D_0__Bacteria;D_1__Dependentiae;D_2__Babeliae;D_3__Babeliales;D_4__uncultured bacterium	0	False
D_0__Bacteria;D_1__Dependentiae;D_2__Babeliae;D_3__Babeliales;D_4__Vermiphilaceae	0	False
D_0__Bacteria;D_1__Dependentiae;D_2__Babeliae;D_3__Babeliales;D_4__UBA12411	0	False
D_0__Bacteria;D_1__Dependentiae;D_2__Babeliae;D_3__Babeliales;D_4__UBA12409	0	False
D_0__Bacteria;D_1__Firmicutes;D_2__Bacilli;D_3__Lactobacillales;D_4__Streptococcaceae	0	False
D_0__Bacteria;D_1__Firmicutes;D_2__Clostridia;D_3__Clostridiales;D_4__Clostridiaceae 1	0	False
D_0__Bacteria;D_1__Lentisphaerae;D_2__Oligosphaeria;D_3__P.palmC41;__	0	False
D_0__Bacteria;D_1__Gemmatimonadetes;D_2__BD2-11 terrestrial group;D_3__uncultured bacterium;D_4__uncultured bacterium	0	False
D_0__Bacteria;D_1__Lentisphaerae;D_2__Lentisphaeria;D_3__Victivallales;D_4__Arctic95B-14	0	False
D_0__Bacteria;D_1__Latescibacteria;__;__;__	0	False
D_0__Bacteria;D_1__Latescibacteria;D_2__uncultured bacterium;D_3__uncultured bacterium;D_4__uncultured bacterium	0	False
D_0__Bacteria;D_1__Latescibacteria;D_2__Latescibacteria;D_3__Latescibacterales;D_4__Latescibacteraceae	0	False
D_0__Bacteria;D_1__Kiritimatiellaeota;D_2__Kiritimatiellae;D_3__WCHB1-41;__	0	False
D_0__Bacteria;D_1__Gemmatimonadetes;D_2__PAUC43f marine benthic group;Ambiguous_taxa;Ambiguous_taxa	0	False
D_0__Bacteria;D_1__Gemmatimonadetes;D_2__Gemmatimonadetes;D_3__Gemmatimonadales;D_4__Gemmatimonadaceae	0	False
D_0__Bacteria;D_1__Gemmatimonadetes;D_2__BD2-11 terrestrial group;__;__	0	False
D_0__Bacteria;D_1__Fusobacteria;D_2__Fusobacteriia;D_3__Fusobacteriales;D_4__Leptotrichiaceae	0	False
D_0__Bacteria;D_1__Firmicutes;D_2__Clostridia;D_3__Clostridiales;D_4__Clostridiaceae 4	0	False
D_0__Bacteria;D_1__Fusobacteria;D_2__Fusobacteriia;D_3__Fusobacteriales;D_4__Fusobacteriaceae	0	False
D_0__Bacteria;D_1__Firmicutes;D_2__Negativicutes;D_3__Selenomonadales;D_4__Veillonellaceae	0	False
D_0__Bacteria;D_1__Firmicutes;D_2__Clostridia;D_3__Clostridiales;__	0	False
D_0__Bacteria;D_1__Firmicutes;D_2__Clostridia;D_3__Clostridiales;D_4__Ruminococcaceae	0	False
D_0__Bacteria;D_1__Firmicutes;D_2__Clostridia;D_3__Clostridiales;D_4__Peptostreptococcaceae	0	False
D_0__Bacteria;D_1__Firmicutes;D_2__Clostridia;D_3__Clostridiales;D_4__Lachnospiraceae	0	False
D_0__Bacteria;D_1__Firmicutes;D_2__Clostridia;D_3__Clostridiales;D_4__Family XII	0	False
D_0__Bacteria;D_1__Firmicutes;D_2__Clostridia;D_3__Clostridiales;D_4__Defluviitaleaceae	0	False
D_0__Bacteria;__;__;__;__	0	False
