barcode	material	time	replicat	extraction_method	year	month	ageing
Cpa15j1	CGGAAC	PA6	15d	1	CTAB	2017	november	unaged
Cpa15j2	ATTTGT	PA6	15d	2	CTAB	2017	november	unaged
Cpa15j3	GCCCAC	PA6	15d	3	CTAB	2017	november	unaged
Cpa18h1	CCAAGC	PA6	01d	1	CTAB	2017	november	unaged
Cpa18h2	GCACTG	PA6	01d	2	CTAB	2017	november	unaged
Cpa18h3	CGTTAA	PA6	01d	3	CTAB	2017	november	unaged
Cpa21j1	AACCAT	PA6	21d	1	CTAB	2017	november	unaged
Cpa21j2	GGGGGA	PA6	21d	2	CTAB	2017	november	unaged
Cpa21j3	TAGTAC	PA6	21d	3	CTAB	2017	november	unaged
Cpa24h1	GTGTAG	PA6	02d	1	CTAB	2017	november	unaged
Cpa24h2	CACCTC	PA6	02d	2	CTAB	2017	november	unaged
Cpa24h3	TAAATG	PA6	02d	3	CTAB	2017	november	unaged
Cpa5j1	CTTGAC	PA6	05d	1	CTAB	2017	november	unaged
Cpa5j2	TTAAGG	PA6	05d	2	CTAB	2017	november	unaged
Cpa5j3	AAGTAA	PA6	05d	3	CTAB	2017	november	unaged
Cpa8j1	GCTTCG	PA6	08d	1	CTAB	2017	november	unaged
Cpa8j2	AGAATC	PA6	08d	2	CTAB	2017	november	unaged
Cpa8j3	GACTTT	PA6	08d	3	CTAB	2017	november	unaged
Cpet15j1	AACGTC	PET	15d	1	CTAB	2017	november	unaged
Cpet15j2	TGTCGT	PET	15d	2	CTAB	2017	november	unaged
Cpet15j3	CACTAA	PET	15d	3	CTAB	2017	november	unaged
Cpet18h1	GACGAT	PET	01d	1	CTAB	2017	november	unaged
Cpet18h2	ATTCTC	PET	01d	2	CTAB	2017	november	unaged
Cpet18h3	CGAAGG	PET	01d	3	CTAB	2017	november	unaged
Cpet21j1	TTGACT	PET	21d	1	CTAB	2017	november	unaged
Cpet21j2	ACATTA	PET	21d	2	CTAB	2017	november	unaged
Cpet21j3	GGGTCT	PET	21d	3	CTAB	2017	november	unaged
Cpet24h1	TTGAAG	PET	02d	1	CTAB	2017	november	unaged
Cpet24h2	AAAGTA	PET	02d	2	CTAB	2017	november	unaged
Cpet24h3	TCAGCG	PET	02d	3	CTAB	2017	november	unaged
Cpet5j1	AGGCGC	PET	05d	1	CTAB	2017	november	unaged
Cpet5j2	AATCCG	PET	05d	2	CTAB	2017	november	unaged
Cpet5j3	TGATGC	PET	05d	3	CTAB	2017	november	unaged
Cpet8j1	ATCTAT	PET	08d	1	CTAB	2017	november	unaged
Cpet8j2	TAGATC	PET	08d	2	CTAB	2017	november	unaged
Cpet8j3	GTGAAT	PET	08d	3	CTAB	2017	november	unaged
Ppa15j1	CCCGGC	PA6	15d	1	PBF	2017	november	unaged
Ppa15j2	CTCGGT	PA6	15d	2	PBF	2017	november	unaged
Ppa15j3	TCGAAC	PA6	15d	3	PBF	2017	november	unaged
Ppa18h1	ATCGGG	PA6	01d	1	PBF	2017	november	unaged
Ppa18h2	AGTCGG	PA6	01d	2	PBF	2017	november	unaged
Ppa18h3	TACTCA	PA6	01d	3	PBF	2017	november	unaged
Ppa21j1	GTGTTT	PA6	21d	1	PBF	2017	november	unaged
Ppa21j2	ACCCCC	PA6	21d	2	PBF	2017	november	unaged
Ppa21j3	ACTTTT	PA6	21d	3	PBF	2017	november	unaged
Ppa24h1	ATAACG	PA6	02d	1	PBF	2017	november	unaged
Ppa24h2	GAGGGC	PA6	02d	2	PBF	2017	november	unaged
Ppa24h3	TACAAG	PA6	02d	3	PBF	2017	november	unaged
Ppa5j1	CGTTTC	PA6	05d	1	PBF	2017	november	unaged
Ppa5j2	CCCGTT	PA6	05d	2	PBF	2017	november	unaged
Ppa5j3	GGTCAC	PA6	05d	3	PBF	2017	november	unaged
Ppa8j1	AGTGCT	PA6	08d	1	PBF	2017	november	unaged
Ppa8j2	GACATC	PA6	08d	2	PBF	2017	november	unaged
Ppet15j1	CTTAAA	PET	15d	1	PBF	2017	november	unaged
Ppet15j2	TAAGGG	PET	15d	2	PBF	2017	november	unaged
Ppet15j3	ATCGTT	PET	15d	3	PBF	2017	november	unaged
Ppet18h1	GTTCTT	PET	01d	1	PBF	2017	november	unaged
Ppet18h2	ACAGAC	PET	01d	2	PBF	2017	november	unaged
Ppet18h3	GTTGCG	PET	01d	3	PBF	2017	november	unaged
Ppet21j1	GAGCAA	PET	21d	1	PBF	2017	november	unaged
Ppet21j2	ACTGCG	PET	21d	2	PBF	2017	november	unaged
Ppet21j3	GGCCTC	PET	21d	3	PBF	2017	november	unaged
Ppet24h1	AAACTC	PET	02d	1	PBF	2017	november	unaged
Ppet24h2	AGAAGT	PET	02d	2	PBF	2017	november	unaged
Ppet24h3	TCTTAA	PET	02d	3	PBF	2017	november	unaged
Ppet5j1	CGCGTG	PET	05d	1	PBF	2017	november	unaged
Ppet5j2	GCGCCC	PET	05d	2	PBF	2017	november	unaged
Ppet5j3	AAGGCC	PET	05d	3	PBF	2017	november	unaged
Ppet8j1	TGCACG	PET	08d	1	PBF	2017	november	unaged
Ppet8j2	CAGTGA	PET	08d	2	PBF	2017	november	unaged
Ppet8j3	GCCGGT	PET	08d	3	PBF	2017	november	unaged
